{
  "pca_info": {
    "reduction_mode": "variance",
    "original_dim": 4608,
    "reduced_dim": 120,
    "variance_threshold": 0.95,
    "fixed_n_components": null,
    "actual_variance": 0.9499951601028442,
    "explained_variance_ratio": [
      0.11396059393882751,
      0.08996797353029251,
      0.07601967453956604,
      0.07249210774898529,
      0.06668741255998611,
      0.050724003463983536,
      0.040088389068841934,
      0.034037940204143524,
      0.03068791888654232,
      0.023428980261087418,
      0.022066112607717514,
      0.019496165215969086,
      0.018146174028515816,
      0.016293048858642578,
      0.015086065977811813,
      0.012588768266141415,
      0.011864090338349342,
      0.011276205070316792,
      0.010218888521194458,
      0.00999342743307352,
      0.009464016184210777,
      0.00809126440435648,
      0.007209411356598139,
      0.006912705488502979,
      0.006501906085759401,
      0.006251989863812923,
      0.005894595291465521,
      0.005810619797557592,
      0.005127053242176771,
      0.005021996796131134,
      0.004750851541757584,
      0.004447618033736944,
      0.004363096319139004,
      0.004213362466543913,
      0.003952250350266695,
      0.003857014002278447,
      0.0035846938844770193,
      0.0033824974671006203,
      0.0032714412081986666,
      0.0032521772664040327,
      0.0032039908692240715,
      0.00300158211030066,
      0.0027982089668512344,
      0.0027346049901098013,
      0.0027093172539025545,
      0.00265999766997993,
      0.002412559697404504,
      0.0023179291747510433,
      0.002160254865884781,
      0.002127980813384056,
      0.002101585967466235,
      0.0020607654005289078,
      0.001956241438165307,
      0.0019348915666341782,
      0.0018821846460923553,
      0.0018145098583772779,
      0.0017665179912000895,
      0.0017183227464556694,
      0.0016795534174889326,
      0.0016433680430054665,
      0.001618333044461906,
      0.0015569585375487804,
      0.0015334592899307609,
      0.0015012891963124275,
      0.001446221023797989,
      0.001424065325409174,
      0.001404421404004097,
      0.0013812866527587175,
      0.001312514184974134,
      0.0013045411324128509,
      0.0012798591051250696,
      0.0012485344195738435,
      0.0012216613395139575,
      0.001167244161479175,
      0.001140790176577866,
      0.0011309244437143207,
      0.0011169449426233768,
      0.001101129688322544,
      0.0010923484805971384,
      0.0010503778466954827,
      0.0010105246910825372,
      0.0009971971157938242,
      0.0009817852405831218,
      0.0009567206143401563,
      0.0009312991751357913,
      0.000914018542971462,
      0.0009042461169883609,
      0.0008853071485646069,
      0.0008681005565449595,
      0.0008585239411331713,
      0.000845824892167002,
      0.0008229991071857512,
      0.0008090329938568175,
      0.0007960223592817783,
      0.0007728160708211362,
      0.0007603467092849314,
      0.0007503916276618838,
      0.0007297340780496597,
      0.0007231234922073781,
      0.0007129057194106281,
      0.0006889147916808724,
      0.0006773239001631737,
      0.0006676736520603299,
      0.0006561064510606229,
      0.0006431816145777702,
      0.0006364515284076333,
      0.0006268846336752176,
      0.0006201296928338706,
      0.000589835864957422,
      0.0005872677429579198,
      0.0005813652533106506,
      0.0005671497201547027,
      0.0005593293462879956,
      0.000543871137779206,
      0.000541387009434402,
      0.0005380891379900277,
      0.0005250507383607328,
      0.0005130929639562964,
      0.0005070077022537589,
      0.0004923511296510696
    ],
    "cumulative_variance": [
      0.1139608696103096,
      0.20392881333827972,
      0.27994856238365173,
      0.3524406850337982,
      0.41912806034088135,
      0.46985211968421936,
      0.5099405646324158,
      0.5439785122871399,
      0.574666440486908,
      0.5980954170227051,
      0.6201615333557129,
      0.6396576762199402,
      0.6578038334846497,
      0.6740968823432922,
      0.6891829371452332,
      0.7017717361450195,
      0.7136358618736267,
      0.7249120473861694,
      0.7351309657096863,
      0.7451243996620178,
      0.7545884251594543,
      0.7626796960830688,
      0.7698891162872314,
      0.7768018245697021,
      0.7833037376403809,
      0.7895557284355164,
      0.7954503297805786,
      0.8012609481811523,
      0.8063880205154419,
      0.8114100098609924,
      0.8161608576774597,
      0.8206084966659546,
      0.824971616268158,
      0.8291849493980408,
      0.8331372141838074,
      0.8369942307472229,
      0.8405789136886597,
      0.8439614176750183,
      0.8472328782081604,
      0.85048508644104,
      0.8536890745162964,
      0.8566906452178955,
      0.859488844871521,
      0.8622234463691711,
      0.8649327754974365,
      0.8675927519798279,
      0.8700053095817566,
      0.872323215007782,
      0.8744834661483765,
      0.8766114711761475,
      0.878713071346283,
      0.8807738423347473,
      0.8827300667762756,
      0.8846649527549744,
      0.8865471482276917,
      0.8883616924285889,
      0.8901281952857971,
      0.8918465375900269,
      0.8935261368751526,
      0.8951694965362549,
      0.8967878222465515,
      0.8983448147773743,
      0.8998783230781555,
      0.9013796448707581,
      0.9028258919715881,
      0.9042499661445618,
      0.9056544303894043,
      0.907035768032074,
      0.9083483219146729,
      0.9096529483795166,
      0.9109328389167786,
      0.9121814370155334,
      0.9134032726287842,
      0.9145706295967102,
      0.9157118201255798,
      0.9168428778648376,
      0.9179601073265076,
      0.9190613627433777,
      0.9201540350914001,
      0.9212046265602112,
      0.9222155809402466,
      0.9232131242752075,
      0.9241958260536194,
      0.9251528978347778,
      0.9260851740837097,
      0.927000880241394,
      0.9279066920280457,
      0.9287928342819214,
      0.9296618103981018,
      0.9305209517478943,
      0.9313691258430481,
      0.932193398475647,
      0.9330037236213684,
      0.9338023662567139,
      0.934578001499176,
      0.9353389143943787,
      0.9360917210578918,
      0.9368270635604858,
      0.9375548958778381,
      0.9382711052894592,
      0.9389678239822388,
      0.9396507143974304,
      0.9403232932090759,
      0.9409847259521484,
      0.9416319727897644,
      0.9422773122787476,
      0.9429103136062622,
      0.9435389041900635,
      0.9441404938697815,
      0.9447369575500488,
      0.9453298449516296,
      0.9459170699119568,
      0.9464946389198303,
      0.9470626711845398,
      0.9476221203804016,
      0.9481766223907471,
      0.9487255215644836,
      0.9492664933204651,
      0.9497965574264526,
      0.9503177404403687,
      0.9508302807807922,
      0.9513384103775024,
      0.9518415927886963,
      0.9523332715034485,
      0.9528132081031799,
      0.9532886743545532,
      0.9537564516067505,
      0.9542182087898254,
      0.9546747207641602,
      0.955127477645874,
      0.9555730223655701,
      0.9560126662254333,
      0.9564435482025146,
      0.9568732976913452,
      0.9572944641113281,
      0.9577130079269409,
      0.9581220746040344,
      0.958525538444519,
      0.958926796913147,
      0.9593238234519958,
      0.9597163200378418,
      0.9601042866706848,
      0.9604891538619995,
      0.9608708024024963,
      0.9612486362457275,
      0.961616039276123,
      0.96197909116745,
      0.9623402953147888,
      0.962698757648468,
      0.9630522727966309,
      0.9634009003639221,
      0.9637482762336731,
      0.9640905261039734,
      0.9644306302070618,
      0.9647672772407532,
      0.9650959372520447,
      0.9654224514961243,
      0.9657475352287292,
      0.9660674333572388,
      0.9663851857185364,
      0.9666982889175415,
      0.9670097827911377,
      0.9673168063163757,
      0.9676194787025452,
      0.9679203033447266,
      0.9682175517082214,
