{
  "pca_info": {
    "reduction_mode": "fixed_components",
    "original_dim": 1152,
    "reduced_dim": 32,
    "variance_threshold": null,
    "fixed_n_components": 32,
    "actual_variance": 0.837693989276886,
    "explained_variance_ratio": [
      0.12536031007766724,
      0.08741599321365356,
      0.08597273379564285,
      0.07451312243938446,
      0.05990460887551308,
      0.045685574412345886,
      0.04072132706642151,
      0.03406834229826927,
      0.03254302963614464,
      0.03047427348792553,
      0.02418014407157898,
      0.018791286274790764,
      0.01794678345322609,
      0.015566369518637657,
      0.013998685404658318,
      0.013144402764737606,
      0.012413333170115948,
      0.010902617126703262,
      0.009868408553302288,
      0.009595677256584167,
      0.008939999155700207,
      0.00831517856568098,
      0.0073857842944562435,
      0.007017078809440136,
      0.006807416677474976,
      0.00618710508570075,
      0.005899176001548767,
      0.005239913240075111,
      0.005083358380943537,
      0.004742704331874847,
      0.004626951180398464,
      0.0043822829611599445
    ],
    "cumulative_variance": [
      0.12536026537418365,
      0.21277621388435364,
      0.2987489402294159,
      0.37326207756996155,
      0.4331667423248291,
      0.4788523316383362,
      0.5195736885070801,
      0.5536420941352844,
      0.5861850380897522,
      0.6166593432426453,
      0.6408395171165466,
      0.6596307754516602,
      0.677577555179596,
      0.6931439638137817,
      0.7071426510810852,
      0.7202870845794678,
      0.7327004075050354,
      0.7436030507087708,
      0.7534714341163635,
      0.7630671262741089,
      0.7720071077346802,
      0.7803223133087158,
      0.7877081036567688,
      0.7947251796722412,
      0.8015326261520386,
      0.8077197670936584,
      0.8136189579963684,
      0.8188589215278625,
      0.8239428400993347,
      0.8286856412887573,
      0.8333142995834351,
      0.8376967310905457,
      0.8419082760810852,
      0.8459623456001282,
      0.849679708480835,
      0.8531766533851624,
      0.8566403388977051,
      0.8599057793617249,
      0.8629288673400879,
      0.8657734990119934,
      0.8685407042503357,
      0.8711885809898376,
      0.8737322092056274,
      0.8761991262435913,
      0.8785960078239441,
      0.8809565901756287,
      0.8832364678382874,
      0.8853622674942017,
      0.8874509334564209,
      0.8894452452659607,
      0.8914068341255188,
      0.8933674097061157,
      0.8953040242195129,
      0.8971588611602783,
      0.8989306092262268,
      0.9006913900375366,
      0.9023938179016113,
      0.9040891528129578,
      0.9057267308235168,
      0.9072756767272949,
      0.9087989926338196,
      0.9102809429168701,
      0.9117531776428223,
      0.9131576418876648,
      0.9145494699478149,
      0.9158880710601807,
      0.9171957969665527,
      0.9184621572494507,
      0.9197070002555847,
      0.9209441542625427,
      0.9221580624580383,
      0.923335611820221,
      0.9244784712791443,
      0.9255886077880859,
      0.9266633987426758,
      0.927712082862854,
      0.9287375211715698,
      0.9297580718994141,
      0.9307360053062439,
      0.9317045211791992,
      0.9326649308204651,
      0.9336051940917969,
      0.9345329403877258,
      0.9354442358016968,
      0.9363322257995605,
      0.9371984601020813,
      0.9380388259887695,
      0.9388595819473267,
      0.9396723508834839,
      0.9404831528663635,
      0.941277027130127,
      0.9420551657676697,
      0.9428252577781677,
      0.9435813426971436,
      0.9443162679672241,
      0.9450435638427734,
      0.9457597136497498,
      0.946470320224762,
      0.9471690654754639,
      0.9478542804718018,
      0.9485297203063965,
      0.9491977691650391,
      0.9498580694198608,
      0.9504880309104919,
      0.9511110186576843,
      0.9517221450805664,
      0.9523256421089172,
      0.952924370765686,
      0.9535082578659058,
      0.9540826678276062,
      0.954651415348053,
      0.9552115797996521,
      0.9557570219039917,
      0.9562972187995911,
      0.9568331837654114,
      0.9573551416397095,
      0.9578669667243958,
      0.9583731889724731,
      0.9588670134544373,
      0.9593592882156372,
      0.9598460793495178,
      0.9603251218795776,
      0.9608030915260315,
      0.9612715840339661,
      0.9617376327514648,
      0.9621925950050354,
      0.9626386761665344,
      0.9630751013755798,
      0.9635087251663208,
      0.9639385342597961,
      0.9643656015396118,
      0.9647822380065918,
      0.965192437171936,
      0.9655969142913818,
      0.9659993052482605,
      0.9663975238800049,
      0.966789722442627,
      0.9671728014945984,
      0.9675518274307251,
      0.9679285883903503,
      0.9682963490486145,
      0.9686623215675354,
      0.96901935338974,
      0.9693697690963745,
      0.969718337059021,
      0.9700634479522705,
      0.9704041481018066,
      0.9707419276237488,
      0.9710774421691895,
      0.9714099168777466,
      0.9717391729354858,
      0.9720655679702759,
      0.9723852872848511,
      0.9726986289024353,
      0.9730064272880554,
      0.9733124375343323,
      0.9736150503158569,
      0.9739155173301697,
      0.9742133021354675,
      0.9745061993598938,
      0.9747927784919739,
      0.9750762581825256,
      0.975358247756958,
      0.9756366610527039,
      0.9759110808372498,
      0.9761820435523987,
      0.9764479994773865,
      0.9767122864723206,
      0.9769755601882935,
      0.9772336483001709,
      0.9774874448776245,
      0.977738618850708,
      0.9779872894287109,
      0.97823566198349,
      0.9784797430038452,
      0.9787180423736572,
      0.9789553284645081,
      0.9791884422302246,
      0.9794173240661621,
      0.9796445369720459,
      0.9798696041107178,
      0.9800922870635986,
      0.9803118109703064,
      0.9805285930633545,
      0.9807448983192444,
      0.9809587597846985,
      0.9811711311340332,
      0.98138028383255,
      0.981586754322052,
      0.9817889928817749,
      0.9819875359535217,
      0.9821853637695312,
      0.9823817610740662,
      0.9825753569602966,
      0.9827671051025391,
      0.9829578399658203,
      0.9831463098526001,
      0.9833329319953918,
      0.9835171699523926,
      0.9837005138397217,
      0.9838793873786926,
      0.9840572476387024,
      0.9842333197593689,
      0.9844053387641907,
      0.9845753908157349,
      0.984744668006897,
      0.984913170337677,
      0.985079288482666,
      0.9852440357208252,
      0.9854068160057068,
      0.9855664372444153,
      0.9857252836227417,
      0.9858838319778442,
      0.986038863658905,
      0.9861930012702942,
      0.9863437414169312,
      0.9864937663078308,
      0.9866417646408081,
      0.9867877960205078,
      0.9869319796562195,
      0.9870757460594177,
      0.9872178435325623,
      0.9873589277267456,
      0.9874991178512573,
      0.9876372218132019,
      0.9877747893333435,
      0.9879100322723389,
      0.9880441427230835,
      0.9881776571273804,
      0.9883095622062683,
      0.9884408712387085,
      0.9885706901550293,
      0.9886994957923889,
      0.9888274669647217,
      0.9889547228813171,
      0.9890801310539246,
      0.9892039895057678,
      0.9893260598182678,
      0.9894469976425171,
      0.9895667433738708,
      0.9896853566169739,
      0.9898032546043396,
      0.9899197220802307,
      0.9900354743003845,
      0.9901500344276428,
      0.9902629852294922,
      0.9903745651245117,
      0.9904853105545044,
      0.9905942678451538,
      0.9907024502754211,
      0.990809440612793,
      0.9909156560897827,
      0.991020679473877,
      0.991124153137207,
      0.9912264347076416,
      0.9913284182548523,
      0.9914292097091675,
      0.9915297627449036,
      0.9916289448738098,
      0.9917271137237549,
      0.9918251633644104,
      0.9919214248657227,
      0.9920158982276917,
