{
  "pca_info": {
    "reduction_mode": "fixed_components",
    "original_dim": 4608,
    "reduced_dim": 32,
    "variance_threshold": null,
    "fixed_n_components": 32,
    "actual_variance": 0.8206011056900024,
    "explained_variance_ratio": [
      0.1139606386423111,
      0.08996785432100296,
      0.07601961493492126,
      0.07249197363853455,
      0.06668732315301895,
      0.050724055618047714,
      0.0400884635746479,
      0.03403796628117561,
      0.030687866732478142,
      0.023428989574313164,
      0.022066092118620872,
      0.01949615217745304,
      0.018146168440580368,
      0.016293048858642578,
      0.015086071565747261,
      0.012588771060109138,
      0.011864089407026768,
      0.011276195757091045,
      0.010218886658549309,
      0.00999344140291214,
      0.009464003145694733,
      0.00809126440435648,
      0.007209379691630602,
      0.0069127073511481285,
      0.006501839496195316,
      0.00625190045684576,
      0.005894573871046305,
      0.005810611881315708,
      0.005123981274664402,
      0.005020719487220049,
      0.004748968873172998,
      0.004447468090802431
    ],
    "cumulative_variance": [
      0.1139608696103096,
      0.20392881333827972,
      0.27994856238365173,
      0.3524406850337982,
      0.41912806034088135,
      0.46985211968421936,
      0.5099405646324158,
      0.5439785122871399,
      0.574666440486908,
      0.5980954170227051,
      0.6201615333557129,
      0.6396576762199402,
      0.6578038334846497,
      0.6740968823432922,
      0.6891829371452332,
      0.7017717361450195,
      0.7136358618736267,
      0.7249120473861694,
      0.7351309657096863,
      0.7451243996620178,
      0.7545884251594543,
      0.7626796960830688,
      0.7698891162872314,
      0.7768018245697021,
      0.7833037376403809,
      0.7895557284355164,
      0.7954503297805786,
      0.8012609481811523,
      0.8063880205154419,
      0.8114100098609924,
      0.8161608576774597,
      0.8206084966659546,
      0.824971616268158,
      0.8291849493980408,
      0.8331372141838074,
      0.8369942307472229,
      0.8405789136886597,
      0.8439614176750183,
      0.8472328782081604,
      0.85048508644104,
      0.8536890745162964,
      0.8566906452178955,
      0.859488844871521,
      0.8622234463691711,
      0.8649327754974365,
      0.8675927519798279,
      0.8700053095817566,
      0.872323215007782,
      0.8744834661483765,
      0.8766114711761475,
      0.878713071346283,
      0.8807738423347473,
      0.8827300667762756,
      0.8846649527549744,
      0.8865471482276917,
      0.8883616924285889,
      0.8901281952857971,
      0.8918465375900269,
      0.8935261368751526,
      0.8951694965362549,
      0.8967878222465515,
      0.8983448147773743,
      0.8998783230781555,
      0.9013796448707581,
      0.9028258919715881,
      0.9042499661445618,
      0.9056544303894043,
      0.907035768032074,
      0.9083483219146729,
      0.9096529483795166,
      0.9109328389167786,
      0.9121814370155334,
      0.9134032726287842,
      0.9145706295967102,
      0.9157118201255798,
      0.9168428778648376,
      0.9179601073265076,
      0.9190613627433777,
      0.9201540350914001,
      0.9212046265602112,
      0.9222155809402466,
      0.9232131242752075,
      0.9241958260536194,
      0.9251528978347778,
      0.9260851740837097,
      0.927000880241394,
      0.9279066920280457,
      0.9287928342819214,
      0.9296618103981018,
      0.9305209517478943,
      0.9313691258430481,
      0.932193398475647,
      0.9330037236213684,
      0.9338023662567139,
      0.934578001499176,
      0.9353389143943787,
      0.9360917210578918,
      0.9368270635604858,
      0.9375548958778381,
      0.9382711052894592,
      0.9389678239822388,
      0.9396507143974304,
      0.9403232932090759,
      0.9409847259521484,
      0.9416319727897644,
      0.9422773122787476,
      0.9429103136062622,
      0.9435389041900635,
      0.9441404938697815,
      0.9447369575500488,
      0.9453298449516296,
      0.9459170699119568,
      0.9464946389198303,
      0.9470626711845398,
      0.9476221203804016,
      0.9481766223907471,
      0.9487255215644836,
      0.9492664933204651,
      0.9497965574264526,
      0.9503177404403687,
      0.9508302807807922,
      0.9513384103775024,
      0.9518415927886963,
      0.9523332715034485,
      0.9528132081031799,
      0.9532886743545532,
      0.9537564516067505,
      0.9542182087898254,
      0.9546747207641602,
      0.955127477645874,
      0.9555730223655701,
      0.9560126662254333,
      0.9564435482025146,
      0.9568732976913452,
      0.9572944641113281,
      0.9577130079269409,
      0.9581220746040344,
      0.958525538444519,
      0.958926796913147,
      0.9593238234519958,
      0.9597163200378418,
      0.9601042866706848,
      0.9604891538619995,
      0.9608708024024963,
      0.9612486362457275,
      0.961616039276123,
      0.96197909116745,
      0.9623402953147888,
      0.962698757648468,
      0.9630522727966309,
      0.9634009003639221,
      0.9637482762336731,
      0.9640905261039734,
      0.9644306302070618,
      0.9647672772407532,
      0.9650959372520447,
      0.9654224514961243,
      0.9657475352287292,
      0.9660674333572388,
      0.9663851857185364,
      0.9666982889175415,
      0.9670097827911377,
      0.9673168063163757,
      0.9676194787025452,
      0.9679203033447266,
      0.9682175517082214,
      0.9685133099555969,
      0.9688054919242859,
      0.9690958857536316,
      0.9693804383277893,
      0.969663143157959,
      0.9699413180351257,
      0.970215916633606,
      0.970487654209137,
      0.970756471157074,
      0.9710234999656677,
      0.9712886810302734,
      0.971548318862915,
      0.9718072414398193,
      0.9720648527145386,
      0.9723191857337952,
      0.9725694060325623,
      0.9728173017501831,
      0.9730651378631592,
      0.9733109474182129,
      0.9735554456710815,
      0.9737977385520935,
      0.9740373492240906,
      0.9742739796638489,
      0.9745084643363953,
      0.9747417569160461,
      0.9749715328216553,
      0.9752002954483032,
      0.9754235744476318,
      0.9756457805633545,
      0.9758672714233398,
      0.9760875105857849,
      0.9763058423995972,
      0.9765227437019348,
      0.9767366051673889,
      0.9769469499588013,
      0.9771552085876465,
      0.9773623943328857,
      0.9775680899620056,
      0.9777724742889404,
      0.9779745936393738,
      0.9781731963157654,
      0.978370726108551,
      0.978567361831665,
      0.9787615537643433,
      0.9789549112319946,
      0.9791458249092102,
      0.9793359637260437,
      0.9795241355895996,
      0.979711651802063,
      0.9798958897590637,
      0.9800776839256287,
      0.9802567958831787,
      0.9804350137710571,
      0.9806116819381714,
      0.9807873964309692,
      0.9809616804122925,
      0.9811347126960754,
      0.9813066124916077,
      0.9814769625663757,
      0.9816442728042603,
      0.9818101525306702,
      0.9819744229316711,
      0.9821382761001587,
      0.9823017120361328,
      0.982463002204895,
      0.9826234579086304,
      0.9827826023101807,
      0.9829403162002563,
      0.983097493648529,
      0.9832513928413391,
      0.9834041595458984,
      0.9835554361343384,
      0.9837062954902649,
      0.9838559627532959,
      0.9840044975280762,
      0.9841523170471191,
      0.9842976331710815,
      0.9844421744346619,
      0.9845861792564392,
      0.9847296476364136,
      0.9848715662956238,
      0.985011875629425,
      0.9851514101028442,
      0.9852887392044067,
      0.9854254722595215,
      0.9855616688728333,
      0.9856969714164734,
      0.9858309626579285,
      0.9859641790390015,
      0.986096978187561,
      0.9862281084060669,
      0.9863579273223877,
      0.9864860773086548,
      0.9866129755973816,
      0.9867395758628845,
      0.9868649244308472,
      0.9869897365570068,
